Species,Term,Sum Sq,df,F,P-value
Phytolacca_americana,(Intercept),54.75938682221793,1,414.4528975478649,2.9513650984269e-25
Phytolacca_americana,N,11.525354313229542,2,43.61550382121585,1.5994065816598118e-11
Phytolacca_americana,M,0.01204119937473802,1,0.09113524201821185,0.7640430143352833
Phytolacca_americana,I,0.04501203888713956,1,0.34067894152793876,0.562170441579096
Phytolacca_americana,N:M,0.23730263800152684,2,0.8980265450633232,0.41410606002774086
Phytolacca_americana,N:I,0.004451796863314428,2,0.016846975617946028,0.9832999525472801
Phytolacca_americana,M:I,0.3336366117976599,1,2.5251681677247766,0.11860873318192504
Phytolacca_americana,N:M:I,0.2580300153824666,2,0.9764653490074634,0.3839956854125485
Phytolacca_americana,Residuals,6.341976574462005,48,NA,NA
