Species,Term,Sum Sq,df,F,P-value
Erigeron_canadensis,(Intercept),54.75938682221795,1,497.75625437632254,5.495854813428076e-27
Erigeron_canadensis,N,11.525354313229528,2,52.38204375752323,8.575890161163669e-13
Erigeron_canadensis,M,0.5304765230727737,1,4.821967930658866,0.03296442614557398
Erigeron_canadensis,I,1.8611755007480468e-4,1,0.0016917861936566537,0.9673618133433125
Erigeron_canadensis,N:M,0.09427632511510087,2,0.4284802404563917,0.653965774217667
Erigeron_canadensis,N:I,0.044829861525759185,2,0.20374903055175678,0.8163688317763028
Erigeron_canadensis,M:I,0.0026382150687602746,1,0.023981058354957265,0.877582464525164
Erigeron_canadensis,N:M:I,0.045683607076889565,2,0.20762925285136702,0.8132340907936224
Erigeron_canadensis,Residuals,5.280597771212039,48,NA,NA
