Species,Term,Sum Sq,df,F,P-value
Solidago_gigantea,(Intercept),54.759386822218005,1,394.36402481578364,8.590575449082623e-25
Solidago_gigantea,N,11.525354313229535,2,41.50142448772813,3.428087700106467e-11
Solidago_gigantea,M,0.3813323308022296,1,2.7462643666151236,0.10400484155306433
Solidago_gigantea,I,0.63478829877221,1,4.571593710910605,0.03762504953087368
Solidago_gigantea,N:M,0.01007197565698803,2,0.03626798151367166,0.9644082235255922
Solidago_gigantea,N:I,0.15386583024955858,2,0.5540524795852735,0.5782471322078752
Solidago_gigantea,M:I,0.014652137920980302,1,0.10552119769773041,0.7467135474239865
Solidago_gigantea,N:M:I,0.5708470127023046,2,2.0555519203878947,0.13914357344208375
Solidago_gigantea,Residuals,6.665036367590257,48,NA,NA
