Species,Term,Sum Sq,df,F,P-value
Erigeron_canadensis,(Intercept),45.91744356439802,1,266.83131422902227,2.6900515910100938e-20
Erigeron_canadensis,N,11.475144321837494,3,22.227775203188497,6.504006513986752e-9
Erigeron_canadensis,M,0.4591775577412234,1,2.668331285140649,0.10949971156903507
Erigeron_canadensis,P,0.47601419579401405,1,2.7661708404400165,0.1033842538378821
Erigeron_canadensis,N:M,0.0817108749988904,3,0.15827696020125856,0.9237845375907996
Erigeron_canadensis,N:P,0.29393544421895257,3,0.569363730433852,0.6381406001985275
Erigeron_canadensis,M:P,0.0061812379278745055,1,0.03591985336779181,0.8505527030718151
Erigeron_canadensis,N:M:P,0.08421619398870561,3,0.16312985492362964,0.9206100616647164
Erigeron_canadensis,Residuals,7.57170320384295,44,NA,NA
