Species,Term,Sum Sq,df,F,P-value
Solidago_gigantea,(Intercept),46.3453349886554,1,401.3753385014689,9.622505341789137e-24
Solidago_gigantea,N,11.584287047535218,3,33.442036371375806,2.0251112067752797e-11
Solidago_gigantea,M,0.2828777803593816,1,2.449872568060707,0.12469898605684837
Solidago_gigantea,P,2.7523978138132,1,23.837234200171384,1.4207071173427782e-5
Solidago_gigantea,N:M,0.01339649850896496,3,0.038673609221485064,0.9896999175803145
Solidago_gigantea,N:P,0.8318418721238494,3,2.401398206782008,0.08045153330308549
Solidago_gigantea,M:P,0.07555239934012015,1,0.6543241054825026,0.42292346119065716
Solidago_gigantea,N:M:P,0.6395064635990835,3,1.8461557735623308,0.15274773623379698
Solidago_gigantea,Residuals,5.0805182677992935,44,NA,NA
