Species,Term,Sum Sq,df,F,P-value
Sporobolus_indicus,(Intercept),54.75938682221798,1,306.40419558710107,1.782896963136441e-22
Sporobolus_indicus,N,11.525354313229544,2,32.244854463642326,1.327647140821643e-9
Sporobolus_indicus,M,0.343495703316842,1,1.9220179547320853,0.1720406193966136
Sporobolus_indicus,P,2.777097806809792e-4,1,0.0015539151713382744,0.9687192525522644
Sporobolus_indicus,N:M,0.2257470198399929,2,0.6315796983339624,0.5361118815875066
Sporobolus_indicus,N:P,0.9684949607184414,2,2.7095895022759087,0.0767461642342975
Sporobolus_indicus,M:P,0.15458400474935097,1,0.8649692842550171,0.3570057598679337
Sporobolus_indicus,N:M:P,0.6081574260368487,2,1.701461591600004,0.19323335080049026
Sporobolus_indicus,Residuals,8.578376553983174,48,NA,NA
